Datetime,Water Level (m)
2025-04-04 06:00:00,-0.3561707
2025-04-04 07:00:00,-0.52763283
2025-04-04 08:00:00,-0.64214414
2025-04-04 09:00:00,-0.6132198
2025-04-04 10:00:00,-0.35053137
2025-04-04 11:00:00,-0.07857029
2025-04-04 12:00:00,0.24197307
2025-04-04 13:00:00,0.5418473
2025-04-04 14:00:00,0.73421836
2025-04-04 15:00:00,0.72842515
2025-04-04 16:00:00,0.526501
2025-04-04 17:00:00,0.26702687
2025-04-04 18:00:00,0.04933878
2025-04-04 19:00:00,-0.14063731
2025-04-04 20:00:00,-0.3370659
2025-04-04 21:00:00,-0.49510407
2025-04-04 22:00:00,-0.5781099
2025-04-04 23:00:00,-0.47594482
2025-04-05 00:00:00,-0.26649264
2025-04-05 01:00:00,-0.048168436
2025-04-05 02:00:00,0.14723083
2025-04-05 03:00:00,0.22414793
2025-04-05 04:00:00,0.18541749
2025-04-05 05:00:00,0.044636644
2025-04-05 06:00:00,-0.1262386
2025-04-05 07:00:00,-0.29262587
2025-04-05 08:00:00,-0.44649732
2025-04-05 09:00:00,-0.55325013
2025-04-05 10:00:00,-0.5874218
2025-04-05 11:00:00,-0.38768423
2025-04-05 12:00:00,-0.14602406
2025-04-05 13:00:00,0.13361494
2025-04-05 14:00:00,0.40665707
2025-04-05 15:00:00,0.60768485
2025-04-05 16:00:00,0.67867106
2025-04-05 17:00:00,0.58393466
2025-04-05 18:00:00,0.36891413
2025-04-05 19:00:00,0.14961386
2025-04-05 20:00:00,-0.039780013
2025-04-05 21:00:00,-0.2194761
2025-04-05 22:00:00,-0.39112893
2025-04-05 23:00:00,-0.5061057
2025-04-06 00:00:00,-0.53893626
2025-04-06 01:00:00,-0.4056021
2025-04-06 02:00:00,-0.20927258
2025-04-06 03:00:00,0.0032256434
2025-04-06 04:00:00,0.15182179
2025-04-06 05:00:00,0.20568742
2025-04-06 06:00:00,0.16879858
2025-04-06 07:00:00,0.04398356
2025-04-06 08:00:00,-0.122044235
2025-04-06 09:00:00,-0.2719093
2025-04-06 10:00:00,-0.4002805
2025-04-06 11:00:00,-0.49582395
2025-04-06 12:00:00,-0.4562755
2025-04-06 13:00:00,-0.2691068
2025-04-06 14:00:00,-0.06936234
2025-04-06 15:00:00,0.19825484
2025-04-06 16:00:00,0.45546618
2025-04-06 17:00:00,0.62681144
2025-04-06 18:00:00,0.6483618
2025-04-06 19:00:00,0.5144574
2025-04-06 20:00:00,0.29456973
2025-04-06 21:00:00,0.09078518
2025-04-06 22:00:00,-0.093811676
2025-04-06 23:00:00,-0.28128046
2025-04-07 00:00:00,-0.44055554
2025-04-07 01:00:00,-0.5416668
2025-04-07 02:00:00,-0.5505157
2025-04-07 03:00:00,-0.37337545
2025-04-07 04:00:00,-0.14206833
2025-04-07 05:00:00,0.100237645
2025-04-07 06:00:00,0.25343958
2025-04-07 07:00:00,0.31422913
2025-04-07 08:00:00,0.23897275
2025-04-07 09:00:00,0.06404761
2025-04-07 10:00:00,-0.1122488
2025-04-07 11:00:00,-0.25388068
2025-04-07 12:00:00,-0.40362045
2025-04-07 13:00:00,-0.4950004
2025-04-07 14:00:00,-0.3629041
2025-04-07 15:00:00,-0.13581483
2025-04-07 16:00:00,0.11542441
2025-04-07 17:00:00,0.40137073
2025-04-07 18:00:00,0.6262499
2025-04-07 19:00:00,0.73199975
2025-04-07 20:00:00,0.63599265
2025-04-07 21:00:00,0.39817894
2025-04-07 22:00:00,0.16328037
2025-04-07 23:00:00,-0.031406827
2025-04-08 00:00:00,-0.22226758
2025-04-08 01:00:00,-0.40717232
2025-04-08 02:00:00,-0.52932304
2025-04-08 03:00:00,-0.5505908
2025-04-08 04:00:00,-0.30960444
2025-04-08 05:00:00,-0.036385413
2025-04-08 06:00:00,0.24376726
2025-04-08 07:00:00,0.41383895
2025-04-08 08:00:00,0.4764166
2025-04-08 09:00:00,0.35722688
2025-04-08 10:00:00,0.14153317
2025-04-08 11:00:00,-0.051932175
2025-04-08 12:00:00,-0.22185619
2025-04-08 13:00:00,-0.38174704
2025-04-08 14:00:00,-0.48430336
2025-04-08 15:00:00,-0.4187087
2025-04-08 16:00:00,-0.15295926
2025-04-08 17:00:00,0.12961876
2025-04-08 18:00:00,0.4390157
2025-04-08 19:00:00,0.6489728
2025-04-08 20:00:00,0.7128975
2025-04-08 21:00:00,0.5509183
2025-04-08 22:00:00,0.29771787
2025-04-08 23:00:00,0.07661798
2025-04-09 00:00:00,-0.12213205
2025-04-09 01:00:00,-0.32329813
2025-04-09 02:00:00,-0.49466667
2025-04-09 03:00:00,-0.61425716
2025-04-09 04:00:00,-0.5435742
2025-04-09 05:00:00,-0.1793441
2025-04-09 06:00:00,0.12826814
2025-04-09 07:00:00,0.42237833
2025-04-09 08:00:00,0.56460065
2025-04-09 09:00:00,0.56409806
2025-04-09 10:00:00,0.36024916
2025-04-09 11:00:00,0.13697846
2025-04-09 12:00:00,-0.065239534
2025-04-09 13:00:00,-0.2486264
2025-04-09 14:00:00,-0.4279681
2025-04-09 15:00:00,-0.52900934
2025-04-09 16:00:00,-0.3862754
2025-04-09 17:00:00,-0.062511206
2025-04-09 18:00:00,0.27501228
2025-04-09 19:00:00,0.60003304
2025-04-09 20:00:00,0.7849483
2025-04-09 21:00:00,0.77856874
2025-04-09 22:00:00,0.54246444
2025-04-09 23:00:00,0.2797728
2025-04-10 00:00:00,0.058446117
2025-04-10 01:00:00,-0.14308114
2025-04-10 02:00:00,-0.35129446
2025-04-10 03:00:00,-0.50784224
2025-04-10 04:00:00,-0.5790933
2025-04-10 05:00:00,-0.25719804
2025-04-10 06:00:00,0.07530089
